beta,L_model1,L_model2
1.0,0.435416,0.972847
1e-06,1.0,1.0
1000.0,0.000227,0.000188
